folder,droid_score,raft_score,combined_score,task
lift_eggplant_s42,0.09596740454435301,0.21619882670365903,0.14404180040628664,lift_eggplant
lift_eggplant_s43,0.11094716936349801,0.28037154490987604,0.1763701484884038,lift_eggplant
lift_eggplant_s44,0.19374941289424802,0.340390002431505,0.25680802776816725,lift_eggplant
lift_eggplant_s45,0.205346956849098,0.30880538287262105,0.2518178818740109,lift_eggplant
lift_eggplant_s46,0.131485566496849,0.306183393172256,0.20064569993693246,lift_eggplant
lift_eggplant_s47,0.18186952173709803,0.256046253388508,0.2157939054893436,lift_eggplant
lift_eggplant_s48,0.204170629382133,0.27821751240755405,0.2383355714394763,lift_eggplant
lift_eggplant_s49,0.22390782833099301,0.248684812001381,0.2359713461294199,lift_eggplant
lift_eggplant_s50,0.25641906261444003,0.305175990650487,0.27973727219487754,lift_eggplant
lift_eggplant_s51,0.8372423648834221,0.323006110706249,0.5200330758706568,lift_eggplant
lift_eggplant_s52,0.42651084065437306,0.272458436380046,0.3408907108500163,lift_eggplant
lift_eggplant_s53,0.44464865326881403,0.34703224121797205,0.39281982981823804,lift_eggplant
lift_eggplant_s54,0.19341330230236,0.43284236165404905,0.28933971477117004,lift_eggplant
lift_eggplant_s55,0.148834615945816,0.267060410893997,0.19936858752005007,lift_eggplant
lift_eggplant_s56,0.157400503754615,0.36324414450047804,0.2391125495039719,lift_eggplant
lift_eggplant_s57,0.170764550566673,0.257062964681507,0.2095166858061049,lift_eggplant
lift_eggplant_s58,0.130546361207962,0.24655455367602802,0.1794067998200141,lift_eggplant
lift_eggplant_s59,0.169406533241271,0.24859886278255702,0.205217619886099,lift_eggplant
lift_eggplant_s60,0.23385481536388303,0.35746174949977605,0.2891265318661031,lift_eggplant
lift_eggplant_s61,0.125882118940353,0.334788009709023,0.20528961020469422,lift_eggplant
lift_eggplant_s62,0.21128305792808502,0.31007978535880704,0.25595820997243474,lift_eggplant
lift_eggplant_s63,0.296184033155441,0.293347960117855,0.2947625857289689,lift_eggplant
lift_eggplant_s64,0.138498559594154,0.30830116819194203,0.20663801130425877,lift_eggplant
lift_eggplant_s65,0.159950226545333,0.21877676981153102,0.18706521294513995,lift_eggplant
lift_eggplant_s66,0.181677132844924,0.307456370567594,0.23634253083105242,lift_eggplant
lift_eggplant_s67,0.141979575157165,0.266378240103464,0.1944743411378558,lift_eggplant
lift_eggplant_s68,0.131825238466262,0.28456061962981,0.19368084970075639,lift_eggplant
lift_eggplant_s69,0.137634128332138,0.301620568813876,0.20374808974746603,lift_eggplant
lift_eggplant_s70,0.19594259560108102,0.39480529029439104,0.2781351709822425,lift_eggplant
lift_eggplant_s71,0.351494222879409,0.351584638977645,0.3515394280216444,lift_eggplant
put_blue_cup_on_plate_s42,0.162714168429374,0.634143019829542,0.321222748473479,put_blue_cup_on_plate
put_blue_cup_on_plate_s43,0.146253481507301,0.48710001665066804,0.26690836119804207,put_blue_cup_on_plate
put_blue_cup_on_plate_s44,0.16287386417388902,0.5508688192167941,0.29953653072496306,put_blue_cup_on_plate
put_blue_cup_on_plate_s45,0.292533963918685,0.565924854753882,0.4068811141368682,put_blue_cup_on_plate
put_blue_cup_on_plate_s46,0.13877829909324602,0.7933408794526591,0.3318109369077215,put_blue_cup_on_plate
put_blue_cup_on_plate_s47,0.19102850556373502,0.644424550769211,0.3508610250256128,put_blue_cup_on_plate
put_blue_cup_on_plate_s48,0.146905377507209,0.7371265979202001,0.32907120982862,put_blue_cup_on_plate
put_blue_cup_on_plate_s49,0.128429532051086,0.505083775688427,0.25469132878498313,put_blue_cup_on_plate
put_blue_cup_on_plate_s50,0.22622205317020402,1.044135332537091,0.4860107392991378,put_blue_cup_on_plate
put_blue_cup_on_plate_s51,0.17744670808315202,0.748187579463055,0.36436715412399734,put_blue_cup_on_plate
put_blue_cup_on_plate_s52,0.266675025224685,0.8817081838288641,0.48490159018441414,put_blue_cup_on_plate
put_blue_cup_on_plate_s53,0.29156267642974804,0.854479684321038,0.4991336331239241,put_blue_cup_on_plate
put_blue_cup_on_plate_s54,0.352649927139282,1.553561138760118,0.740177831598715,put_blue_cup_on_plate
put_blue_cup_on_plate_s55,0.190321326255798,0.816264985838264,0.39414798576284593,put_blue_cup_on_plate
put_blue_cup_on_plate_s56,0.39199271798133806,0.6594639735777851,0.5084339440020987,put_blue_cup_on_plate
put_blue_cup_on_plate_s57,0.16413974761962802,0.610686050912274,0.316603623276121,put_blue_cup_on_plate
put_blue_cup_on_plate_s58,0.24071465432643802,0.539157739373329,0.3602543113700024,put_blue_cup_on_plate
put_blue_cup_on_plate_s59,0.257856637239456,1.011879255781434,0.5108030757426623,put_blue_cup_on_plate
put_blue_cup_on_plate_s60,0.163287505507469,0.5910452678219561,0.31066108128415626,put_blue_cup_on_plate
put_blue_cup_on_plate_s61,0.28823697566986,1.5943097631211112,0.677893077411888,put_blue_cup_on_plate
put_blue_cup_on_plate_s62,0.44935992360115,0.44469407703468405,0.4470209128018392,put_blue_cup_on_plate
put_blue_cup_on_plate_s63,0.7990804910659791,0.737065959318402,0.767447085290032,put_blue_cup_on_plate
put_blue_cup_on_plate_s64,0.142708450555801,1.420484117539093,0.45023892263233783,put_blue_cup_on_plate
put_blue_cup_on_plate_s65,0.147915616631507,1.004263650431215,0.38541701715692495,put_blue_cup_on_plate
put_blue_cup_on_plate_s66,0.19409197568893402,0.736922706490516,0.3781941089345268,put_blue_cup_on_plate
put_blue_cup_on_plate_s67,0.23417277634143802,0.788772527631676,0.42977791089976136,put_blue_cup_on_plate
put_blue_cup_on_plate_s68,0.171530306339263,0.586917679245902,0.3172919307467161,put_blue_cup_on_plate
put_blue_cup_on_plate_s69,0.40130129456520003,1.098497637639422,0.6639491878611752,put_blue_cup_on_plate
put_blue_cup_on_plate_s70,0.28247275948524403,0.6735633347387331,0.43619180855643436,put_blue_cup_on_plate
put_blue_cup_on_plate_s71,0.22060395777225403,0.8834010744042131,0.44145415765833584,put_blue_cup_on_plate
put_carrot_on_plate_s42,0.289243698120117,1.9345548227916112,0.7480359557938063,put_carrot_on_plate
put_carrot_on_plate_s43,0.24140405654907202,1.342925065342489,0.5693747082678545,put_carrot_on_plate
put_carrot_on_plate_s44,0.24478597939014402,1.262499205273219,0.5559155551359247,put_carrot_on_plate
put_carrot_on_plate_s45,0.23268258571624703,1.092725865235789,0.5042402996608727,put_carrot_on_plate
put_carrot_on_plate_s46,0.13844680786132801,1.18925319965987,0.405768787897467,put_carrot_on_plate
put_carrot_on_plate_s47,0.281921237707138,0.7023599951317021,0.444983369513411,put_carrot_on_plate
put_carrot_on_plate_s48,0.12806509435176802,0.798834432884701,0.3198480999143505,put_carrot_on_plate
put_carrot_on_plate_s49,0.271661579608917,0.46674774375994404,0.3560862667230013,put_carrot_on_plate
put_carrot_on_plate_s50,0.107216171920299,0.573092029373793,0.24788048238514793,put_carrot_on_plate
put_carrot_on_plate_s51,0.149382770061492,1.2824594671826341,0.43769549654905865,put_carrot_on_plate
put_carrot_on_plate_s52,0.12670581042766502,1.281556467776413,0.4029648258327595,put_carrot_on_plate
put_carrot_on_plate_s53,0.36344364285469005,1.123761408230969,0.6390805425820597,put_carrot_on_plate
put_carrot_on_plate_s54,0.12085929512977601,0.8233787371109581,0.31545677008438977,put_carrot_on_plate
put_carrot_on_plate_s55,0.146657526493072,1.000724665274404,0.3830976430490685,put_carrot_on_plate
put_carrot_on_plate_s56,0.12657183408737102,0.710916463746548,0.2999699996654809,put_carrot_on_plate
put_carrot_on_plate_s57,0.12310652434825801,0.48882863391447506,0.24531203419954356,put_carrot_on_plate
put_carrot_on_plate_s58,0.12564390897750802,1.09816806640344,0.3714540733081275,put_carrot_on_plate
put_carrot_on_plate_s59,0.104042723774909,0.600240058815057,0.24990120175367328,put_carrot_on_plate
put_carrot_on_plate_s60,0.15096890926361,2.111916830096677,0.5646536817334641,put_carrot_on_plate
put_carrot_on_plate_s61,0.261441051959991,1.025327608412902,0.5177477460569875,put_carrot_on_plate
put_carrot_on_plate_s62,0.161688283085823,0.361562810447389,0.24178600052303112,put_carrot_on_plate
put_carrot_on_plate_s63,0.47237458825111306,1.090889378173106,0.7178498595403037,put_carrot_on_plate
put_carrot_on_plate_s64,0.11012837290763801,0.819890890793279,0.30048835212842734,put_carrot_on_plate
put_carrot_on_plate_s65,0.15250486135482702,0.511837907354697,0.27938820500742845,put_carrot_on_plate
put_carrot_on_plate_s66,0.15483783185482,0.661650859011092,0.3200759042073562,put_carrot_on_plate
put_carrot_on_plate_s67,0.11856126785278301,0.535323063049587,0.25192971453561075,put_carrot_on_plate
put_carrot_on_plate_s68,0.14176321029663,0.8321580474497791,0.343466732422015,put_carrot_on_plate
put_carrot_on_plate_s69,0.21833071112632702,1.6184779190756111,0.5944438030748038,put_carrot_on_plate
put_carrot_on_plate_s70,0.192765638232231,0.9684904623289011,0.43207832865426044,put_carrot_on_plate
put_carrot_on_plate_s71,0.20160616934299402,0.70870142117055,0.37799282894008773,put_carrot_on_plate
put_eggplant_into_pot_s42,0.25457093119621205,0.46365069365210904,0.3435578391374399,put_eggplant_into_pot
put_eggplant_into_pot_s43,0.120944879949092,0.359480525127224,0.20851217939379144,put_eggplant_into_pot
put_eggplant_into_pot_s44,0.13465030491352,0.42013686818842505,0.2378477609879538,put_eggplant_into_pot
put_eggplant_into_pot_s45,0.17046925425529402,0.42963864565699705,0.2706292288804053,put_eggplant_into_pot
put_eggplant_into_pot_s46,0.124795332551002,0.38433729158775803,0.2190057079517465,put_eggplant_into_pot
put_eggplant_into_pot_s47,0.21908462047576902,0.35055081867610005,0.2771286579679617,put_eggplant_into_pot
put_eggplant_into_pot_s48,0.136967450380325,0.42936739384467304,0.24250640653671343,put_eggplant_into_pot
put_eggplant_into_pot_s49,0.10097156465053501,0.5720302641693931,0.24033058648587052,put_eggplant_into_pot
put_eggplant_into_pot_s50,0.097744606435298,0.355920823706518,0.18651900931358362,put_eggplant_into_pot
put_eggplant_into_pot_s51,0.158456861972808,0.435553889298719,0.26270992086011297,put_eggplant_into_pot
put_eggplant_into_pot_s52,0.180620789527893,0.35395195263772605,0.2528459632668979,put_eggplant_into_pot
put_eggplant_into_pot_s53,0.164966836571693,0.321406080230805,0.23026364087841497,put_eggplant_into_pot
put_eggplant_into_pot_s54,0.142472565174102,0.449551600824154,0.25307858413453554,put_eggplant_into_pot
put_eggplant_into_pot_s55,0.11020976305007901,0.36567119374474405,0.20074993304319624,put_eggplant_into_pot
put_eggplant_into_pot_s56,0.136578008532524,0.261054280869412,0.18882339314829205,put_eggplant_into_pot
put_eggplant_into_pot_s57,0.23155966401100103,0.43180492770787005,0.31620974681108266,put_eggplant_into_pot
put_eggplant_into_pot_s58,0.528957784175872,0.378402507155759,0.4473912736204237,put_eggplant_into_pot
put_eggplant_into_pot_s59,0.147250488400459,0.34701479276339603,0.22604888346681595,put_eggplant_into_pot
put_eggplant_into_pot_s60,0.129262760281562,0.40275874604807704,0.22817034698162486,put_eggplant_into_pot
put_eggplant_into_pot_s61,0.28968176245689303,0.305787007324797,0.29762546802695844,put_eggplant_into_pot
put_eggplant_into_pot_s62,0.09719274193048401,0.360147740061925,0.18709288163018314,put_eggplant_into_pot
put_eggplant_into_pot_s63,0.163965836167335,0.35685896398730504,0.24189394044495485,put_eggplant_into_pot
put_eggplant_into_pot_s64,0.235506743192672,0.31644363253476404,0.27299195831071826,put_eggplant_into_pot
put_eggplant_into_pot_s65,0.16881798207759802,0.31588143912951505,0.23092524143023505,put_eggplant_into_pot
put_eggplant_into_pot_s66,0.106250613927841,0.37499284760488505,0.19960766587625928,put_eggplant_into_pot
put_eggplant_into_pot_s67,0.145790666341781,0.43627705254034205,0.2522005594749636,put_eggplant_into_pot
put_eggplant_into_pot_s68,0.147726461291313,0.38716290656209,0.23915310186087244,put_eggplant_into_pot
put_eggplant_into_pot_s69,0.112857736647129,0.6291294418509461,0.2664622390984684,put_eggplant_into_pot
put_eggplant_into_pot_s70,0.302792191505432,0.358635226461391,0.3295329212253178,put_eggplant_into_pot
put_eggplant_into_pot_s71,0.24122212827205602,0.34068200838400003,0.28667061085222345,put_eggplant_into_pot
stack_blue_cup_on_pink_cup_s42,0.149690821766853,0.540136355006248,0.28434741927268814,stack_blue_cup_on_pink_cup
stack_blue_cup_on_pink_cup_s43,0.18688851594924902,0.58923760154002,0.33184595958563257,stack_blue_cup_on_pink_cup
stack_blue_cup_on_pink_cup_s44,0.336801677942276,0.6895819254835831,0.4819256681082014,stack_blue_cup_on_pink_cup
stack_blue_cup_on_pink_cup_s45,0.177564203739166,0.5037667949712671,0.299083516462049,stack_blue_cup_on_pink_cup
stack_blue_cup_on_pink_cup_s46,0.760439157485961,0.531731469822265,0.6358847622961372,stack_blue_cup_on_pink_cup
stack_blue_cup_on_pink_cup_s47,0.158733382821083,0.519296644321924,0.28710575236462216,stack_blue_cup_on_pink_cup
stack_blue_cup_on_pink_cup_s48,0.5508346557617181,0.473638200783204,0.5107801242061164,stack_blue_cup_on_pink_cup
stack_blue_cup_on_pink_cup_s49,0.20524828135967202,0.596725064537438,0.3499668469163165,stack_blue_cup_on_pink_cup
stack_blue_cup_on_pink_cup_s50,0.29304152727127003,0.6372569005470661,0.43213740338053136,stack_blue_cup_on_pink_cup
stack_blue_cup_on_pink_cup_s51,0.227163612842559,0.888056274642785,0.44914816236444616,stack_blue_cup_on_pink_cup
stack_blue_cup_on_pink_cup_s52,0.20474413037300102,0.647343396441396,0.3640601059675428,stack_blue_cup_on_pink_cup
stack_blue_cup_on_pink_cup_s53,0.183280006051063,0.6896641704764911,0.3555301018734316,stack_blue_cup_on_pink_cup
stack_blue_cup_on_pink_cup_s54,0.24226054549217202,0.532608951575108,0.35920764905914726,stack_blue_cup_on_pink_cup
stack_blue_cup_on_pink_cup_s55,0.137527450919151,0.5048619383440021,0.26350023803889094,stack_blue_cup_on_pink_cup
stack_blue_cup_on_pink_cup_s56,0.16895797848701402,0.561410411215005,0.3079850129153211,stack_blue_cup_on_pink_cup
stack_blue_cup_on_pink_cup_s57,0.254102021455764,0.511311890867179,0.36045164039537836,stack_blue_cup_on_pink_cup
stack_blue_cup_on_pink_cup_s58,0.15641319751739502,0.5054867320288721,0.2811846298417723,stack_blue_cup_on_pink_cup
stack_blue_cup_on_pink_cup_s59,0.16180369257926902,0.56638840700652,0.302727163775808,stack_blue_cup_on_pink_cup
stack_blue_cup_on_pink_cup_s60,0.176493942737579,0.530906358604003,0.30610742633015536,stack_blue_cup_on_pink_cup
stack_blue_cup_on_pink_cup_s61,0.19644947350025102,0.714774728084661,0.37472272282784874,stack_blue_cup_on_pink_cup
stack_blue_cup_on_pink_cup_s62,0.19375209510326302,0.672087991665763,0.3608579450129732,stack_blue_cup_on_pink_cup
stack_blue_cup_on_pink_cup_s63,0.140530750155448,0.5144576308348321,0.2688812317444516,stack_blue_cup_on_pink_cup
stack_blue_cup_on_pink_cup_s64,0.278887093067169,1.02487184555807,0.5346246625194865,stack_blue_cup_on_pink_cup
stack_blue_cup_on_pink_cup_s65,0.23165927827358201,0.5062215322288021,0.3424484118851643,stack_blue_cup_on_pink_cup
stack_blue_cup_on_pink_cup_s66,0.18455222249031,0.6757473058152571,0.35314397507255435,stack_blue_cup_on_pink_cup
stack_blue_cup_on_pink_cup_s67,0.20484647154808003,0.503948364105366,0.3212974388777653,stack_blue_cup_on_pink_cup
stack_blue_cup_on_pink_cup_s68,0.152487248182296,0.5651046392027751,0.29354940191913254,stack_blue_cup_on_pink_cup
stack_blue_cup_on_pink_cup_s69,0.20571447908878301,0.651728874448103,0.36615579459324465,stack_blue_cup_on_pink_cup
stack_blue_cup_on_pink_cup_s70,0.152312278747558,0.6659386878230781,0.3184817719250062,stack_blue_cup_on_pink_cup
stack_blue_cup_on_pink_cup_s71,0.27873966097831704,0.529159473522756,0.3840543350272169,stack_blue_cup_on_pink_cup
